<?xml version="1.0" encoding="UTF-8"?>
<!DOCTYPE mapper
  PUBLIC "-//mybatis.org//DTD Mapper 3.0//EN"
  "http://mybatis.org/dtd/mybatis-3-mapper.dtd">
  
  <mapper namespace="prescription">
  
  <!-- property = 'vo의 변수명' column = 
  collection 의 resultMap에는 다른 resultMap의 아이디를 넣음 property는 vo 클래스에 가져온 변수이름 -->
   <!-- 김다유 : 처방전 의사정보 resultMap -->
   	<resultMap type="departmentDTO" id="departmentMap">
		<result column="dep_num" property="dep_num"/>
		<result column="dep_name" property="dep_name"/>
	</resultMap>
	
   	<resultMap type="medicineDTO" id="medicineMap">
		<result column="medicine_num" property="medicine_num"/>
		<result column="medicine_name" property="medicine_name"/>
		<result column="medicine_detail" property="medicine_detail"/>
		<result column="medicine_taking" property="medicine_taking"/>
		<result column="medicine_warning" property="medicine_warning"/>
	</resultMap>
	
   	<resultMap type="treatmentRecordDTO" id="treatmentRecordMap">
		<result column="treatment_num" property="treatment_num"/>
		<result column="patient_num" property="patient_num"/>
		<result column="doctor_num" property="doctor_num"/>
		<result column="dep_num" property="dep_num"/>
		<result column="monitoring_time" property="monitoring_time"/>
		<result column="start_treatment_time" property="start_treatment_time"/>
	</resultMap>
	
	<resultMap type="doctorDTO" id="doctorMap">
		<result column="doctor_num" property="doctor_num" />
		<result column="d_id" property="d_id" />
		<result column="d_pwd" property="d_pwd" />
		<result column="d_name" property="d_name" />
		<result column="d_jumin_num" property="d_jumin_num" />
		<result column="d_phone_num" property="d_phone_num" />
		<result column="d_address" property="d_address" />
		<result column="d_email" property="d_email" />
		<result column="d_career" property="d_career" />
		<result column="d_licence" property="d_licence" />
		<result column="d_photo" property="d_photo" />
		<result column="d_regdate" property="d_regdate" />
		<result column="d_graduation" property="d_graduation" />
		<collection property="departmentDTO" resultMap="departmentMap"/>
	</resultMap>

	<resultMap type="patientDTO" id="patientMap">
		<result column="patient_num" property="patient_num" />
		<result column="p_id" property="p_id" />
		<result column="p_pwd" property="p_pwd" />
		<result column="p_name" property="p_name" />
		<result column="p_jumin_num" property="p_jumin_num" />
		<result column="p_phone_num" property="p_phone_num" />
		<result column="p_address" property="p_address" />
		<result column="bloodtype" property="bloodtype" />
		<result column="allergy" property="allergy" />
		<result column="p_email" property="p_email" />
		<result column="height" property="height" />
		<result column="weight" property="weight" />
		<result column="p_photo" property="p_photo" />
		<result column="p_birth" property="p_birth" />
		<result column="p_zipcode" property="p_zipcode" />
		<result column="p_address1" property="p_address1" />
		<result column="p_address2" property="p_address2" />
		<result column="p_phone" property="p_phone" />
		<result column="p_regdate" property="p_regdate" />
	</resultMap>
	
	
	<resultMap type="prescriptionDTO" id="prescriptionMap">
		<result column="prescription_num" property="prescription_num" />
		<result column="payment_check" property="payment_check" />
		<result column="dosage" property="dosage" />
		<result column="quantity" property="quantity" />
		<result column="taking_date" property="taking_date" />
		<result column="prescription_date" property="prescription_date" />
		<result column="medicine_num" property="medicine_num" />
		<result column="patient_num" property="patient_num" />
		<result column="doctor_num" property="doctor_num" />
		<result column="treatment_num" property="treatment_num" />
		<collection property="treatmentRecordDTO" resultMap="treatmentRecordMap"/>
		<collection property="doctorDTO" resultMap="doctorMap"/>
		<collection property="patientDTO" resultMap="patientMap"/>
	</resultMap>
	
   <!-- 김다유 : 처방전 환자 정보 -->
  <select id="patient_info" parameterType="int" resultType="patientDTO">
  	select * from dl_user where patient_num = #{patient_num} 
  </select>
  
   <!-- 김다유 : 처방전 의사 정보 -->
  <select id="doctor_info" parameterType="int" resultMap="doctorMap">
  	SELECT * FROM dl_doctor a JOIN department b ON a.dep_num = b.dep_num where doctor_num=#{doctor_num}
  </select>
  
   <!-- 김다유 : 처방전 병원 정보 -->
  <select id="drLink_info" resultType="drLinkDTO">
  	select * from drlink 
  </select>
  
  <!-- 김다유 : 약품정보 -->
  <select id="medicine_info" resultType="medicineDTO">
  	select * from medicine
  </select>
  
  <!-- 김다유 : 처방전 저장 -->
  <!-- <insert id="insertPrescription">
  insert into prescription(prescription_num, patient_num,doctor_num,medicine_num,payment_check,treatment_num,dosage,quantity,taking_date,prescription_date) 
  values (prescription_num.nextval, 
  (select patient_num from treatment_record where treatment_num = #{treatment_num}),
  (select doctor_num from treatment_record where treatment_num = #{treatment_num}),
  #{medicine_num}, default ,#{treatment_num} ,#{dosage} ,#{quantity} ,#{taking_date}, #{prescription_date} )
  </insert> -->
  
  <!-- 김다유 : 처방전 상세 정보 -->
  <!-- 테스트 중이라 향후에 patient_num=#{patient_num}으로 수정해야함  -->
  <select id="detail_prescription" parameterType="int" resultMap="prescriptionMap">
	  select * 
	from 
		prescription p join treatment_record t on p.treatment_num=t.treatment_num
        join dl_user u on p.patient_num = u.patient_num
        join dl_doctor d on p.doctor_num = d.doctor_num 
	where 
		p.patient_num=#{patient_num}
  </select>
  
  </mapper>