<?xml version="1.0" encoding="UTF-8"?>

<!DOCTYPE mapper
  PUBLIC "-//mybatis.org//DTD Mapper 3.0//EN"
  "http://mybatis.org/dtd/mybatis-3-mapper.dtd">

<mapper namespace="doc_review">

	<insert id="addReview" parameterType="doc_ReviewDTO">
		insert into doc_review values(doc_review_seq.nextval, #{doctor_num},
		#{patient_num}, #{review_content}, #{review_rating}, sysdate)
	</insert>

	<select id="reviewList" parameterType="int" resultMap="reviewInfo">
		select a.patient_num as patient_num, p_name, p_photo, review_num,
		review_content, review_rating, to_char(review_date,'YYYY-MM-DD') as review_date from dl_user a, doc_review b
		where a.patient_num=b.patient_num and doctor_num=#{doctor_num} order by
		review_date desc
	</select>

	<resultMap id="reviewInfo" type="doc_ReviewDTO">
		<id property="review_num" column="review_num" />
		<id property="patient_num" column="patient_num" />
		<id property="review_content" column="review_content" />
		<id property="review_rating" column="review_rating" />
		<id property="review_date" column="review_date" />
		<association property="patientDTO" javaType="patientDTO">
			<result property="p_name" column="p_name" />
			<result property="p_photo" column="p_photo" />
		</association>
	</resultMap>

	<update id="updateReview" parameterType="doc_ReviewDTO">
		update doc_review set review_content=#{review_content}, review_rating=#{review_rating} where review_num=#{review_num}
	</update>
	
	<delete id="deleteReview" parameterType="int">
		delete from doc_review where review_num=#{review_num}
	</delete>
	

</mapper>